{
    "autoencoder": {
        "accuracy": 0.9795462997396802,
        "precision": 0.9682631275245239,
        "recall": 1.0,
        "f1_score": 0.9838756962767516,
        "roc_auc": 0.9962150551325173,
        "confusion_matrix": [
            [
                956,
                55
            ],
            [
                0,
                1678
            ]
        ],
        "threshold": 0.0017544852751214784,
        "score_type": "reconstruction_error"
    },
    "isolation_forest": {
        "accuracy": 0.6251394570472295,
        "precision": 0.9652777777777778,
        "recall": 0.41418355184743744,
        "f1_score": 0.5796497080900751,
        "roc_auc": 0.9250609210484433,
        "confusion_matrix": [
            [
                986,
                25
            ],
            [
                983,
                695
            ]
        ],
        "threshold": 0.014858107821131464,
        "score_type": "decision_function"
    },
    "ocsvm": {
        "accuracy": 0.9107474897731499,
        "precision": 0.9608974358974359,
        "recall": 0.8933253873659118,
        "f1_score": 0.9258801729462631,
        "roc_auc": 0.9787775471010776,
        "confusion_matrix": [
            [
                950,
                61
            ],
            [
                179,
                1499
            ]
        ],
        "threshold": 2.6209429754218565,
        "score_type": "decision_function"
    },
    "pca": {
        "accuracy": 0.9888434362216437,
        "precision": 0.9830011723329426,
        "recall": 0.9994040524433849,
        "f1_score": 0.9911347517730497,
        "roc_auc": 0.9974918329837814,
        "confusion_matrix": [
            [
                982,
                29
            ],
            [
                1,
                1677
            ]
        ],
        "threshold": 0.0016814817408814485,
        "score_type": "reconstruction_error"
    }
}