{
    "model_type": "isolation_forest",
    "n_estimators": 200,
    "contamination": 0.05,
    "threshold_percentile": 95.0,
    "threshold": 0.014858107821131464,
    "train_rows": 4343,
    "val_rows": 1056,
    "val_anomaly_rate": 0.050189393939393936
}